{"cameraMode":{"drawMode":0,"name":"Shaded","section":"Shading Mode"},"sceneLighting":true,"audioPlay":false,"sceneViewState":{"showFog":true,"showMaterialUpdate":true,"showSkybox":true,"showFlares":true,"showImageEffects":true,"showParticleSystems":true},"in2DMode":false,"pivot":{"x":-2.5258684158325197,"y":-1.3177251815795899,"z":-7.442275047302246},"rotation":{"x":-0.16095030307769776,"y":0.8361455798149109,"z":-0.33087101578712466,"w":-0.4066866636276245},"size":24.626522064208986,"orthographic":false}