{"cameraMode":{"drawMode":0,"name":"Shaded","section":"Shading Mode"},"sceneLighting":true,"audioPlay":false,"sceneViewState":{"showFog":true,"showMaterialUpdate":true,"showSkybox":true,"showFlares":true,"showImageEffects":true,"showParticleSystems":true},"in2DMode":false,"pivot":{"x":-8.516204833984375,"y":1.1379032135009766,"z":-3.5417661666870119},"rotation":{"x":-0.16095030307769776,"y":0.8361455798149109,"z":-0.33087101578712466,"w":-0.4066866636276245},"size":19.562299728393556,"orthographic":false}